date,hour,source,weight,accepted,keep_objective,adjust_objective,keep_cash,expected_gain,relative_gain,initial_energy_kwh,expected_cash_gain,expected_cvar_gain,terminal_energy_change
2025-01-01,6,Q,1.0,False,18810.22693219962,18810.22693219962,26257.663932199623,0.0,0.0,10057.495685185186,0.0,3.5700509215530474e-13,0.0
2025-01-02,6,F,0.0,True,59680.275840838985,56289.56569167021,67040.9589206353,3390.710149168779,0.05057669525853267,10800.0,3303.956228965093,1735.07840407361,0.0
2025-01-03,6,A,0.01,True,59073.50949292785,55598.18723731292,66309.55696041083,3475.3222556149267,0.05241057872984761,10800.0,3263.9327230979106,4227.79065034027,0.0
2025-01-04,6,A,0.02,True,46201.93855311691,43849.30977644388,53386.72161278017,2352.628776673031,0.044067676485866826,10800.0,2089.974836336296,5253.078806734722,0.0
2025-01-05,6,A,0.03,True,38841.67495898394,37600.2470017791,46130.874603852615,1241.42795720484,0.026910999799278947,10800.0,1087.0581116362955,3087.3969113708376,0.0
2025-01-06,6,A,0.03,True,48558.28064973374,47892.42098085391,54759.09289283929,665.859668879828,0.012159800933570629,10800.0,646.3691546792688,389.81028401112053,0.0
2025-01-07,6,A,0.04,True,55314.29712560518,52306.17787561146,61549.621900472746,3008.119249993724,0.048873074392852114,10800.0,2467.5351568545375,10811.681862783735,0.0
2025-01-08,6,A,0.04,True,54216.96109329273,51354.02227382806,61535.34283128285,2862.9388194646745,0.046525113662147934,10800.0,2958.2675446216745,-1906.5745031400475,0.0
2025-01-09,6,A,0.04,True,59105.399778895204,57417.842084900905,66203.1066629676,1687.5576939942985,0.025490611831638966,10800.0,1548.268452583543,2785.78482821513,0.0
2025-01-10,6,A,0.04,True,28618.531974929778,26623.87235689455,35646.91778470268,1994.659618035228,0.055956019257609006,10039.373015873016,1910.0904757893513,1691.382844917449,0.0
2025-01-11,6,A,0.05,True,27171.764980998552,26077.85988049653,33223.11212071392,1093.9051005020228,0.0329260274151137,10027.313756613756,1016.7867043216684,1542.3679236070893,0.0
2025-01-12,6,A,0.07,True,64953.45782605734,63742.83745846406,71919.92126353111,1210.6203675932775,0.0168328933948257,10800.0,1161.6413758092967,979.5798356795476,0.0
2025-01-13,6,F,0.1,True,60093.263042471015,59612.45037712897,66773.84516054291,480.8126653420477,0.007200613716134516,10800.0,463.65857292003057,343.0818484404226,0.0
2025-01-14,6,F,0.11,True,60281.50428163533,59441.221399790295,67361.70002547343,840.2828818450362,0.01247419351838323,10800.0,843.1411435874033,-57.16523484749632,0.0
2025-01-15,6,F,0.13,True,66669.43300745539,62858.266094805156,72228.3979978848,3811.166912650231,0.05276549138971407,10800.0,3338.3471534524288,9577.353973231311,-8.770500000000538
2025-01-16,6,F,0.14,True,55998.62049895708,55653.87084374361,62307.69855162227,344.7496552134762,0.005533018603276596,10800.0,339.99030994803616,95.18690530869935,0.0
2025-01-17,6,F,0.14,True,27935.90258877953,26726.40362317444,33353.71142847185,1209.4989656050893,0.0362627999645227,10042.22908457774,610.2796341564062,13448.907313448144,-106.18970924039968
2025-01-18,6,F,0.14,True,26565.835399871212,26454.61304493706,33170.315175571945,111.22235493415064,0.0033530689818726716,10070.417082321459,83.27324559308181,558.9821868213876,0.0
2025-01-19,6,F,0.18,True,58224.3301544387,57954.95183301083,65507.211279915995,269.37832142786647,0.004112193393133433,10800.0,244.73921625293588,492.78210349847177,0.0
2025-01-20,6,F,0.18,True,55996.56083045434,55909.21639379811,61641.77833850508,87.34443665623257,0.0014169681506685555,10800.0,32.30640841955028,1153.5827951803149,-3.830043065987411
2025-01-21,6,F,0.21,True,55508.5704650023,54683.29707464645,62000.653659419404,825.2733903558546,0.013310720801255223,10800.0,878.830026311276,-1071.1327191082928,0.0
2025-01-22,6,F,0.22,True,56001.3260228045,55863.87950004019,62101.228168643975,137.4465227643086,0.002213265772957898,10800.0,135.63426558447827,36.24514359667228,0.0
2025-01-23,6,F,0.23,True,56586.109535396,55129.152037187116,60964.478598638685,1456.9574982088816,0.023898465659007783,10800.0,1166.1015730975341,5900.203069589894,-6.024309621692737
2025-01-24,6,F,0.22,True,15138.705844192153,15009.02169949857,21668.69733208543,129.68414469358322,0.005984861143524137,10153.966359102524,140.0620710197727,-207.5585265238078,0.0
2025-01-25,6,F,0.23,True,16245.908547947458,15736.966107830383,22142.914927022786,508.9424401170745,0.02298443731525026,10154.77797091273,502.7090370791775,336.22803058852514,-15.339825460554493
2025-01-26,6,F,0.23,True,57630.71304785147,57186.36595046892,64963.1110696299,444.34709738254605,0.006839991035932348,10800.0,539.6304416064886,-1905.6668844788433,0.0
2025-01-27,6,F,0.23,True,53551.8659690663,52530.78181178274,60141.52112487947,1021.0841572835561,0.016978023471726788,10800.0,917.8820256065301,2064.0426335405373,0.0
2025-01-28,6,F,0.23,True,50375.716492957676,50199.082599425674,57096.238886510306,176.63389353200182,0.0030936169698164437,10800.0,174.23454069472064,47.98705674564371,0.0
2025-01-29,6,F,0.24,True,53922.88069380646,53642.861284147875,60218.40333054284,280.01940965858375,0.004650063671093013,10800.0,216.703792614353,1266.3123408845713,0.0
2025-01-30,6,F,0.46,True,51942.62634993015,50993.9947616926,56944.78484460566,948.6315882375493,0.01665879660141367,10800.0,763.7324489234015,3874.5592694340303,-12.803236993011524
2025-01-31,6,F,0.44,True,19922.897417006563,19534.852892423492,25219.85318618978,388.0445245830706,0.015386470401642193,10097.68708607581,286.5476831134147,2029.9368293930675,0.0
2025-02-01,6,F,0.44,True,15393.824156104774,15063.781436066902,21969.05568180137,330.04272003787264,0.015023072671770412,10094.845806045576,362.63991994225216,-651.9439980876123,0.0
2025-02-02,6,F,0.46,True,50866.77137424572,50764.92829874172,56108.08316904419,101.84307550400263,0.0018151230580657446,10800.0,96.25781164677755,161.63584642997012,-3.6203740178261796
2025-02-03,6,F,0.45,True,49204.99807617212,48800.99484224167,55878.33054684121,404.00323393045255,0.007230051971430825,10800.0,518.4476411039359,-2288.888143469614,0.0
2025-02-04,6,F,0.43,True,46365.3078872093,46148.43358306868,53400.50036419973,216.87430414061964,0.004061278502289363,10800.0,292.78993119851657,-1518.3125411578494,0.0
2025-02-05,6,F,0.43,True,47046.48658064856,46730.38013735025,52504.04600362945,316.1064432983112,0.006020611121597365,10800.0,279.72834402339504,796.870730445793,-5.025450000001001
2025-02-06,6,F,0.42,True,47263.23026648534,46959.325929531115,52531.01178981689,303.9043369542269,0.005785236693520885,10800.0,330.5363392510044,145.55070211817656,-49.17436749704029
2025-02-07,6,F,0.44,True,9188.116736800925,8568.395602228833,16546.28710955259,619.7211345720916,0.03745378830120208,10194.62462428373,607.0694062020466,253.0345674009011,0.0
2025-02-08,6,F,0.44,True,15391.558096211565,15249.028982494898,21561.6262683838,142.52911371666778,0.006610313709298486,10121.2597267241,107.55097808702703,699.5627125928149,0.0
2025-02-09,6,F,0.42,True,50301.49480165182,49507.03139477304,54198.83865440963,794.4634068787782,0.014658310521089745,10743.389240550861,635.6084001488562,3177.100134598426,0.0
2025-02-10,6,F,0.39,True,45349.76009213107,45117.96692126494,50776.55471481358,231.79317086613446,0.004564964522859031,10347.254813547128,217.29100518190535,1143.1042130508504,-61.853881497472685
2025-02-11,6,F,0.4,True,43526.19562637006,43059.24912796878,50705.23502516704,466.94649840128113,0.00920903922779407,10800.0,490.29794873781793,-449.4309682433286,-1.2760015000003477
2025-02-12,6,F,0.41,True,37908.07553744849,37251.07724479212,45042.60097857981,656.998292656368,0.014586153516507765,10159.654438703406,794.8680178297654,-2757.394503467922,0.0
2025-02-13,6,F,0.4,True,38759.94104402587,38170.78275859284,45193.7747094744,589.1582854330336,0.013036270796595417,9874.074074074075,743.3935715539119,-2998.58913795395,-6.244155621647224
2025-02-14,6,F,0.37,True,11120.270497981384,10638.755989358115,17157.892500202757,481.51450862326965,0.028063732688474386,9521.681918239725,367.3356234887324,2283.5777026907926,0.0
2025-02-15,6,F,0.36,True,11373.334937999532,10955.873226077018,18010.150338731768,417.46171192251495,0.023179246373348797,9486.017671168074,360.1337269498654,1146.559699453057,0.0
2025-02-16,6,F,0.35,True,42047.17547220423,41754.73523368835,47162.312352566696,292.4402385158828,0.006200718835194421,9874.074074074075,269.09696691350837,949.3368106966955,-34.9831149253896
2025-02-17,6,F,0.35,True,37524.99207081584,36964.09969491545,44274.00074394911,560.8923759003883,0.012668662566642907,9874.074074074075,671.411966599786,-2210.3918139879606,0.0
2025-02-18,6,F,0.33,True,38916.15431509724,38612.36559630693,44460.73657673079,303.78871879031067,0.006832741474402454,9874.074074074075,266.29497078233544,1060.0749800086633,-22.492034604461878
2025-02-19,6,F,0.35,True,35868.513693124616,35402.94486710269,42729.87676506129,465.5688260219249,0.010895627632668579,9874.074074074075,486.53469668787875,-419.31741331917146,0.0
2025-02-20,6,F,0.36,True,36633.22285924882,35880.4627774445,43332.57185848879,752.7600818043138,0.017371691767167734,9874.074074074075,694.5585724462726,1271.2433004174945,-7.773826238291804
2025-02-21,6,F,0.37,True,9135.44398483182,8346.772173131805,15821.118481158112,788.6718117000146,0.049849308229330924,7062.285688167712,683.733362308185,2249.4611705110237,-10.92641383125374
2025-02-22,6,F,0.38,True,12025.921352176474,11296.215235852915,17804.085537059975,729.7061163235594,0.040985318499208764,6616.5236142597305,586.7207375690887,2869.5079289255664,-0.7106056850825553
2025-02-23,6,F,0.37,True,39283.30628099238,38742.0034567755,44983.84982970026,541.3028242168803,0.012033270301811496,9874.074074074075,389.30177932659717,3166.868227179213,-9.197467244326617
2025-02-24,6,F,0.39,True,34223.138180391026,32783.29130247272,41480.02354560853,1439.8468779183095,0.034711814383016314,9874.074074074075,1369.9550659817032,1397.8362387320321,0.0
2025-02-25,6,F,0.4,True,38538.41927197926,37871.42290714046,44316.80662018028,666.9963648388002,0.015050641409145984,9874.074074074075,591.4335905368644,1511.255486038659,0.0
2025-02-26,6,F,0.4,True,36376.817006632715,35907.94049373322,42278.061778537776,468.8765128994928,0.011090302941406727,9874.074074074075,454.6740965353456,299.1697465572943,-1.0964263824134832
2025-02-27,6,F,0.4,True,32031.726381009896,31460.78763114965,39273.6374619446,570.9387498602446,0.014537455320085216,9874.074074074075,503.6277373354751,1481.7885589083062,-9.82980944222436
2025-02-28,6,F,0.38,True,11291.105149650919,10119.009033467506,17121.25509774012,1172.096116183413,0.06845853937064002,6445.147532678882,911.6807001044253,5208.308321579701,0.0
2025-03-01,6,F,0.4,True,9517.402866872608,9054.897969070307,15966.68805162685,462.50489780230055,0.028966865032174022,6391.853528154565,356.11115319731107,2761.5463631877683,-45.94635636226121
2025-03-02,6,F,0.37,True,37679.581877408484,36534.997782979925,44647.111127362936,1144.5840944285592,0.02563624085696054,9874.074074074075,1077.04781256141,1350.7256373430282,0.0
2025-03-03,6,F,0.32,True,38913.49926206936,38033.576659109836,45126.50288483917,879.9226029595229,0.019499020458222664,9874.074074074075,789.7034730603846,1804.3825979827889,0.0
2025-03-04,6,F,0.3,True,35720.75858017456,35131.831232185745,42536.91123042532,588.9273479888143,0.013845089616370005,9874.074074074075,528.7349145192784,1203.8486693906561,0.0
2025-03-05,6,F,0.32,True,35292.43710851465,34988.158375747094,41887.63627301052,304.2787327675542,0.00726416575011205,9874.074074074075,293.2858774685883,219.85710597941943,0.0
2025-03-06,6,F,0.32,True,32695.5517062675,31813.26427037821,40111.99913031637,882.2874358892877,0.021995598699105,9874.074074074075,897.0776263418229,-295.8038090506292,0.0
2025-03-07,6,F,0.3,True,6425.405961303886,6234.275110896837,13819.616186920244,191.13085040704937,0.013830402221151963,5784.31640779385,188.9061310122761,243.76342822777553,-14.448632701351016
2025-03-08,6,F,0.29,True,7285.54313833071,7190.538014818956,14326.993475920412,95.00512351175348,0.006631197513381296,5146.835358732269,77.0629463545556,379.0623946963515,-1.4660318493843079
2025-03-09,6,F,0.31,True,30289.81817715081,29170.018566329643,37665.42642593509,1119.7996108211664,0.02973017212544053,9874.074074074075,1138.976847181024,-333.6742879461592,-3.6160140992869856
2025-03-10,6,F,0.31,True,31914.228620458423,30572.535630175207,38993.290635481026,1341.6929902832162,0.03440830379835587,9875.692516170113,1192.963073345898,3461.463985020783,-35.30173521282995
2025-03-11,6,F,0.26,True,32398.89533211288,30907.896096123437,39388.2725088344,1490.9992359894422,0.037853887490369775,9886.28899874554,1230.433975983069,5270.822086292086,-4.315460275647638
2025-03-12,6,F,0.25,True,29613.666360236057,28501.21570462524,36998.26672687725,1112.4506556108172,0.030067642460739428,9875.96363179538,1112.5744553552577,-2.4759948888215604,0.0
2025-03-13,6,F,0.27,True,31694.233516128334,30351.42542117174,38822.227005140216,1342.808094956592,0.0345886415732616,9920.985822772613,1216.7717697597327,2520.726503937136,0.0
2025-03-14,6,F,0.25,True,6788.576481381737,6235.513099590046,14121.220200766094,553.0633817916905,0.03916541020737614,5003.594095428128,509.02243417584214,1175.826915211206,-21.39048641336194
2025-03-15,6,F,0.31,True,8335.543283575185,6217.7027403512175,15483.672269862878,2117.840543223968,0.13677895697560663,4594.087080350501,1900.256346642991,4600.683411121889,-18.0544956514932
2025-03-16,6,F,0.32,True,30936.091875201593,30197.228477698674,38103.43453952401,738.8633975029188,0.019390992083312308,9902.921079395586,611.9405291314688,2703.436242822298,-11.962315721826599
2025-03-17,6,F,0.33,True,27138.973043628663,26014.44048441309,34507.15513333389,1124.5325592155714,0.032588387969695994,9874.074074074075,1121.3450315369992,104.92928571958419,-2.985794355830876
2025-03-18,6,F,0.35,True,30355.312853051553,29028.54859665651,37573.91040697984,1326.764256395043,0.03531078458494912,9899.234225605942,1182.1717245644104,2891.8506366125516,0.0
2025-03-19,6,F,0.34,True,30347.257435274623,28261.20381563239,37388.85164041212,2086.0536196422327,0.05579346591612085,9887.052247118372,1835.5134705751916,5010.80298134077,0.0
2025-03-20,6,F,0.35,True,28028.46574110534,26836.885632897443,35339.36266970117,1191.5801082078979,0.03371821159722046,9877.908226632453,1157.526191516692,1232.129623687613,-39.95571852790454
2025-03-21,6,F,0.38,True,5456.183333938185,5197.814338886075,12864.447432627472,258.3689950521093,0.020083955910676785,4343.551744483699,242.1910660331796,323.5585803786007,0.0
2025-03-22,6,F,0.34,True,5867.058394745027,5785.3308892453315,13263.183624758718,81.72750549969533,0.006161982508266909,4271.838100286669,82.16343684207823,18.635266036852613,-1.9833806123660906
2025-03-23,6,F,0.36,True,28251.896598203974,27628.199003472204,35553.54467337739,623.6975947317696,0.017542486985799657,9874.074074074075,572.4691942936624,1024.5680087621874,0.0
2025-03-24,6,F,0.35,True,26981.53757251089,26479.586026963065,34209.15375042338,501.95154554782494,0.014673018491187104,9884.041870846224,425.1900197258874,1535.2305164387594,0.0
2025-03-25,6,F,0.34,True,27599.325603958154,26528.879933345022,35002.00373607716,1070.4456706131314,0.030582411186643146,9897.571407443242,1097.4441446195779,-539.9694801289255,0.0
2025-03-26,6,F,0.35,True,26433.751194935277,26007.23791862276,33747.32104708397,426.5132763125184,0.012638433602402122,9874.074074074075,401.13126912754524,919.1928068282584,-29.840928911455194
2025-03-27,6,F,0.34,True,29016.05556927345,27258.041019298216,36064.586530562876,1758.0145499752325,0.048746283240635686,9874.074074074075,1472.4894633984586,5710.501731535451,0.0
2025-03-28,6,F,0.36,True,5135.801714245385,5024.656600267615,12535.099147522005,111.14511397776914,0.008866711995631946,4318.318217610974,97.63861504285342,270.1299786983275,0.0
2025-03-29,6,F,0.36,True,5637.583724110591,5370.0799699914505,12967.53513478949,267.50375411914047,0.02062872792235415,4020.8107631190164,227.36717161624438,899.6872525868675,-7.030072945311986
2025-03-30,6,F,0.35,True,24341.519828312383,23751.831500857967,31660.72082519148,589.6883274544161,0.018625233793957682,9874.074074074075,580.0493229062267,314.6218476895788,-8.834522350698535
2025-03-31,6,F,0.39,True,33755.94515878835,27044.59277692251,40359.341052305994,6711.352381865843,0.16628993950044632,9925.797944698123,6058.059526067722,13065.857115962406,0.0
2025-04-01,6,F,0.4,True,27712.55710459513,26340.724101966625,34889.248324171116,1371.833002628504,0.03931964913322893,9886.70081699944,1238.3921690025236,2907.958398166207,-17.339727996246438
2025-04-02,6,F,0.39,True,26945.421054534163,26554.776188381373,34121.051645795924,390.6448661527902,0.011448793261356638,9903.33182958109,359.90029511773173,614.8914207013022,0.0
2025-04-03,6,F,0.38,True,25744.742395713816,25111.915333375357,33105.06074584489,632.8270623384597,0.01911571971417958,9917.296409020895,615.9590205856839,523.625710689535,-13.505724565695346
2025-04-04,6,F,0.36,True,4393.931525536669,4271.069863583477,11786.52302335322,122.8616619531922,0.010423910572249366,3754.2498494172355,122.0309812084015,204.8819715723862,-13.650993302171628
2025-04-05,6,F,0.37,True,4831.538162328121,4563.898748046888,12175.854747940097,267.63941428123326,0.021981160240640382,3443.35341913377,250.4050233711423,531.6716084372035,-13.55785174511584
2025-04-06,6,F,0.37,True,24189.85263287696,23616.332435799282,31519.513332916336,573.5201970776761,0.018195718665450958,9936.622410904909,556.8368109738767,333.667722075955,0.0
2025-04-07,6,F,0.36,True,25255.55266717318,22990.52885282426,32226.633654995,2265.0238143489187,0.07028422014527878,9928.92698694617,1943.9779513044705,6420.9172608890185,0.0
2025-04-08,6,F,0.36,True,24912.9472357005,23906.20659944145,32134.991975886245,1006.7406362590482,0.03132848568982048,9964.66566266305,942.823561348956,1896.3261569975298,-44.808934368918926
2025-04-09,6,F,0.36,True,25694.537995178376,24858.464467698657,32744.163066761706,836.0735274797189,0.025533513431846098,9930.7675379565,702.161528026907,2678.239989056199,0.0
2025-04-10,6,F,0.33,True,26445.36123543282,25047.566639418525,33466.123110577064,1397.794596014297,0.04176744917228013,9940.456112679149,1211.9851044005263,3741.655870767735,-1.8464957522792247
2025-04-11,6,F,0.36,True,4576.58572293151,4162.282858691547,11896.599985757066,414.3028642399631,0.034825316875071684,3302.183031029809,373.51923235294635,923.9736245736738,-7.852705956423961
2025-04-12,6,F,0.33,True,4333.7421480071625,4099.394968442444,11734.35204375785,234.34717956471832,0.01997103706202342,3323.4556266590776,232.0283043945292,46.37750340378261,0.0
2025-04-13,6,F,0.32,True,22344.0358766859,21793.122345487107,29606.642312885513,550.913531198792,0.01860776799262446,9966.402154430662,506.68692827263294,1276.8275831730834,-28.444629113464543
2025-04-14,6,F,0.31,True,22246.333594142838,21023.861927275226,29652.173469722682,1222.471666867612,0.04122705096528106,9948.84512896848,1233.6515545930815,-223.597754509413,0.0
2025-04-15,6,F,0.32,True,24307.615003251223,22153.852066543477,31327.224184783627,2153.762936707746,0.06875051948438762,9969.494683256158,1839.1019406344894,6293.219921465126,0.0
2025-04-16,6,F,0.31,True,26416.771304562993,23684.320711102784,33290.35157583375,2732.4505934602093,0.08207935525210132,9958.57430312599,2395.5093559298366,6876.849604333944,-10.007929038181828
2025-04-17,6,F,0.31,True,24893.435809669427,23354.522962308663,31764.594028225176,1538.9128473607634,0.04844742690535652,9956.5898308815,1177.4537963613911,7229.1810199873535,0.0
2025-04-18,6,F,0.28,True,3785.2019699525226,3560.6739582315986,11152.107603261678,224.52801172092404,0.020133235771080248,3197.8546510474766,193.78245075036284,614.9112194112126,0.0
2025-04-19,6,F,0.3,True,3396.750467637079,3257.9702770253425,10796.94795766875,138.78019061173654,0.012853650045906271,3175.647818801183,135.24522507811344,70.69931067243795,0.0
2025-04-20,6,F,0.3,True,21762.702060669333,20804.912565490507,28994.230398058553,957.7894951788257,0.03303379610458497,9984.644832163345,867.5042760873839,1805.7043818287866,0.0
2025-04-21,6,F,0.3,True,20361.25261291879,19497.03500693675,27754.949659112463,864.2176059820413,0.031137422931635645,9982.073707853173,900.8151673158827,-731.9512266767704,0.0
2025-04-22,6,F,0.3,True,23969.209555182802,21528.054807453052,30866.635267269852,2441.15474772975,0.07908716731163389,10006.680900752108,2096.2544014840933,7061.25919570183,-11.837122788132547
2025-04-23,6,F,0.29,True,21442.923568880142,20708.12761924445,28477.670615008843,734.7959496356925,0.025802529974078232,9986.341030148453,574.6214606586582,3203.4897795405923,0.0
2025-04-24,6,F,0.29,True,19303.168885224324,18948.859467558228,26631.233251381716,354.3094176660961,0.013304281267098789,9992.262791404886,357.89280201837755,-71.66768704565493,0.0
2025-04-25,6,F,0.28,True,3517.3547219323027,3327.102204261215,10894.930067047742,190.25251767108784,0.017462481769067617,2744.906852242355,172.9922885258893,345.2045829039507,0.0
2025-04-26,6,F,0.28,True,3423.38957897028,3284.0455496033082,10803.714493654674,139.34402936697188,0.012897788945534665,2672.2912563847963,126.13918398505302,264.09690763836966,0.0
2025-04-27,6,F,0.27,True,22619.503313050285,19873.960667033563,29641.59616275464,2745.542646016722,0.09262465593760975,9395.920045582465,2517.713689397835,4556.579132377692,0.0
2025-04-28,6,F,0.29,True,30399.485963848216,24636.571014271543,36875.23093391997,5762.914949576672,0.15628146057996914,10001.260493154423,5077.486423462942,13976.726273784352,-19.443481806600175
2025-04-29,6,F,0.29,True,19991.627699865392,19434.16121508932,27292.965990030098,557.4664847760723,0.020425280454301316,10013.511353139289,548.3945806216761,181.43808308803136,0.0
2025-04-30,6,F,0.29,True,19416.63076971194,18924.036774384353,26604.728682945624,492.59399532758835,0.0185152797909702,9322.56648059162,424.16666251420247,1575.1578371259006,-14.980997847109393
2025-05-01,6,F,0.29,True,22267.049759694986,19628.21395353348,29365.59754985483,2638.835806161507,0.08986147146100054,9601.769991855886,2487.500795003416,3026.70022316182,0.0
2025-05-02,6,F,0.31,True,5579.882139208452,4006.5204701443963,12794.236502480568,1573.3616690640556,0.1229742524111548,2878.1195430045977,1410.6147402249608,3254.9385767819035,0.0
2025-05-03,6,F,0.3,True,4785.560760467484,4211.417428642026,12181.383053145712,574.1433318254585,0.04713285259321947,2839.6577650583013,545.6412499512353,570.0416374844689,0.0
2025-05-04,6,F,0.3,True,20876.577698962923,19976.76071882114,28157.113321381697,899.8169801417826,0.03195700389707519,10025.142400613302,848.1400188730076,1033.539225375489,0.0
2025-05-05,6,F,0.3,True,22619.097204241443,21972.31682363637,29810.260172363298,646.7803806050724,0.021696569465190177,10012.063297915296,621.6036555668361,503.5345007647238,0.0
2025-05-06,6,F,0.3,True,23816.702829884613,22102.606812134687,30846.192046254317,1714.0960177499255,0.05556912876570351,9599.713983319907,1641.643518053097,1610.4308927513703,-11.701433037966126
2025-05-07,6,F,0.3,True,24461.80044344417,23208.609213871467,31459.361269504658,1253.1912295727016,0.039835240736037794,10043.929811724496,1165.1483987239008,1760.8566169759333,0.0
2025-05-08,6,F,0.3,True,25505.131183920785,24791.389265832233,32539.68607528855,713.7419180885518,0.02193450534332552,10039.197163500403,643.9662289517764,2181.386936345315,-56.982221259377184
2025-05-09,6,F,0.3,True,6388.448411083378,6295.168653548439,13662.36647382237,93.27975753493956,0.006827496372145136,2757.2830715972923,86.73767105051411,130.84172968848634,0.0
2025-05-10,6,F,0.32,True,9461.876089772422,8059.415521480966,16448.613125863216,1402.4605682914562,0.0852631500029797,2765.358452196557,1152.1615416092172,5393.186930801339,-28.075625811210557
2025-05-11,6,F,0.32,True,26309.960106118626,25555.325130913145,33421.724808673054,754.6349752054812,0.022579175058303716,10085.70070942467,668.5108799438749,1722.4819052322555,0.0
2025-05-12,6,F,0.32,True,26390.831750540303,24181.241994468422,33384.97501241784,2209.5897560718804,0.06618515530564284,10066.09391037086,2036.4316318967103,3463.16248350331,0.0
2025-05-13,6,F,0.3,True,26253.454794722085,25289.7852729441,33344.46341664854,963.6695217779852,0.0289004357256154,10103.667006392841,892.912701502446,1632.1110778506372,-15.732435610207176
2025-05-14,6,F,0.3,True,26962.529494278417,25256.575485999587,33989.25865697531,1705.9540082788299,0.05019097431619716,10041.04832625768,1603.5929918404254,2047.2203287679877,0.0
2025-05-15,6,F,0.32,True,29224.92121183964,27267.338191750394,36109.3483624265,1957.583020089245,0.05421263769263152,10064.359335056271,1740.7616910074212,4336.426581636488,0.0
2025-05-16,6,F,0.34,True,7057.985718700496,6854.509551739011,14412.964450743446,203.47616696148543,0.014117579187603545,2269.886692122698,215.77311992456998,-245.93905926169737,0.0
2025-05-17,6,F,0.32,True,7699.748014469667,7405.584100362133,14836.957769499159,294.16391410753477,0.019826430638783483,2124.0750238954192,286.5113219327377,397.17273096311783,-17.700757889228043
2025-05-18,6,F,0.31,True,25787.743278591144,25258.828191145512,32932.34476597158,528.9150874456318,0.01606065681639986,10086.134973520177,517.7486792085474,737.791548973144,-37.30279658424297
2025-05-19,6,F,0.32,True,23957.10158993271,23395.219062497577,31121.27116494044,561.8825274351329,0.018054613658201716,10059.421583366784,528.916387818248,659.3227923376435,0.0
2025-05-20,6,F,0.3,True,26538.779888884346,25317.054826728952,33343.67271528433,1221.725062155394,0.03664038669607533,9863.330592604787,1024.6693925551408,4493.301150522684,-40.03812178598855
2025-05-21,6,F,0.3,True,27857.47647320968,25371.440341751142,34760.15558668239,2486.036131458539,0.07151970667274603,9729.017084098614,2245.8819118294814,4803.084392581167,0.0
2025-05-22,6,F,0.3,True,23749.674168505822,23105.194549997083,30842.913652110627,644.4796185087398,0.02089554916173223,9968.59991941985,619.489292164908,499.80652687666407,0.0
2025-05-23,6,F,0.31,True,7127.668300591904,6984.1876885431975,14369.55432415742,143.48061204870646,0.009985042598537214,2198.8605203556644,131.18237416010197,245.96475777210435,0.0
2025-05-24,6,F,0.3,True,7240.45722065197,6965.00908200923,14477.14767103647,275.44813864273965,0.01902640940755282,1874.6779597761006,259.59327599435164,317.09725296776105,0.0
2025-05-25,6,F,0.3,True,23499.957756377677,22861.653958707822,30518.456606731772,638.3037976698542,0.020915336771291933,10104.814693852652,565.764579044644,1594.1665994835394,-10.396382348564657
2025-05-26,6,F,0.3,True,26231.963740823405,24135.17952644641,33118.13126524235,2096.784214376996,0.06331227440292145,9546.752615351144,1871.3788482972122,4508.107321595668,0.0
2025-05-27,6,F,0.29,True,26005.996875786215,24555.900402677602,32941.954250096336,1450.0964731086133,0.04401974643336081,9518.589047313582,1324.1802193248332,2518.325075675607,0.0
2025-05-28,6,F,0.32,True,23902.2707623639,23468.67998984157,31012.145559723376,433.59077252232964,0.013981321340289659,10101.99818338186,385.60576833019513,992.9987532447904,-2.4144254563161667
2025-05-29,6,F,0.32,True,26894.99790948109,25619.323474235378,33773.40247268452,1275.6744352457135,0.03777156998846836,10116.303142350316,1106.6328862251976,3880.9851692039692,-36.26526306278902
2025-05-30,6,F,0.32,True,7314.457775952036,7141.414866527564,14496.844702823504,173.04290942447187,0.011936591235661707,2089.676889255962,181.49159035033335,-168.9736185172469,0.0
2025-05-31,6,F,0.33,True,7015.05695582238,6691.334676809265,14235.17359399662,323.72227901311453,0.022741013790631783,2481.3776175872686,294.0335014527245,621.4380605921706,-2.0057578288433433
2025-06-01,6,F,0.31,True,30765.477203989205,28886.564286448676,37671.08795626245,1878.9129175405287,0.049876789322411325,10121.056258956529,1782.9877967062348,2214.59433849754,-21.469082286741468
2025-06-02,6,F,0.25,True,31228.69308494166,29721.786057593286,38153.78752645279,1506.907027348374,0.03949560777691088,10085.676333233683,1438.6123356398384,1365.8938341707853,0.0
2025-06-03,6,F,0.25,True,34898.12479067443,32376.170309120876,41282.36868349383,2521.9544815535555,0.06109035314540765,10072.445024549896,2112.7443760926035,8184.202109219084,0.0
2025-06-04,6,F,0.29,True,33312.933700968664,30635.679066566277,40394.86049886329,2677.2546344023867,0.06627711053681506,10078.748036070634,2735.65459744892,-963.8539342179329,-14.80220328481846
2025-06-05,6,F,0.29,True,33702.91045100776,33208.46518592704,40096.26514273896,494.4452650807216,0.012331454396576406,10076.864489255488,340.28483144975326,3083.208672619392,0.0
2025-06-06,6,F,0.28,True,11036.635417529973,10297.834646987949,17797.172521235232,738.8007705420241,0.04151225536868296,2867.8012197504345,549.6245156684054,3783.5250974723385,0.0
2025-06-07,6,F,0.24,True,10334.550021521585,9778.543463423282,17485.825211555188,556.0065580983028,0.03179755895826272,5739.07231232777,428.2370945805451,2555.3892703552115,0.0
2025-06-08,6,F,0.21,True,36959.82121106347,34718.03846374049,43822.77214312753,2241.7827473229772,0.05115565806748132,10061.569986916042,2111.8872352101607,2597.9102422562955,0.0
2025-06-09,6,F,0.18,True,38170.737556468506,37253.133045382696,44927.06656307095,917.6045110858104,0.02042431392215714,10060.22540821968,883.981127313702,2959.022638245071,-165.79390734202934
2025-06-10,6,F,0.18,True,38064.27361863766,37291.816225090544,45052.57140332735,772.4573935471126,0.017145689346603266,10028.048591871862,661.5668355993912,3487.0961328686417,-92.03352588463349
2025-06-11,6,F,0.19,True,43856.82747907142,41017.56313275221,50309.255645112404,2839.264346319207,0.056436222518331865,10069.918360917243,2438.10179596769,8023.251007030387,0.0
2025-06-12,6,F,0.18,True,39972.235066217094,39378.14038583297,46987.038550966536,594.0946803841216,0.012643799198787789,10084.203221616932,563.0455159777484,620.9832881273796,0.0
2025-06-13,6,F,0.15,True,13726.188035486584,12728.069535794091,20962.10620248283,998.1184996924931,0.04761537271356216,4316.37952804967,906.8831922645622,1824.7061485585655,0.0
2025-06-14,6,F,0.17,True,14129.229447863765,13732.904857930014,21201.40705124234,396.32458993375076,0.01869331544721827,4963.875556527356,391.3876770980751,980.7727855583125,-63.9547062400361
2025-06-15,6,F,0.15,True,40419.24860351503,39496.66883967744,47430.295469610195,922.579763837588,0.019451275913486738,10083.228751546409,831.1560992030718,1828.4732926904144,0.0
2025-06-16,6,F,0.15,True,41111.82992518861,40033.04293989205,48026.99565430896,1078.7869852965596,0.02246209596497572,10040.072946290333,1022.8694568992723,1118.3505679456812,0.0
2025-06-17,6,F,0.17,True,45745.00356149213,43987.59174670109,52080.67118020693,1757.4118147910413,0.033744031614149766,10048.567466982893,1324.1754783954966,8769.905162118737,-7.626295391590247
2025-06-18,6,F,0.18,True,43970.16391392658,43045.87831363879,50426.93399508211,924.2856002877961,0.018329204793175354,10085.294540759844,703.5107585837759,4415.496834080415,0.0
2025-06-19,6,F,0.19,True,38948.50896738964,37217.05843938487,45910.287707772426,1731.450528004767,0.03771378082023301,10065.789869479138,1584.1545535180558,3061.1625680657717,-8.356064280775172
2025-06-20,6,F,0.19,True,14224.639324469668,13629.712528471555,21200.465085740707,594.9267959981134,0.028061969093227924,3300.039776083788,581.8797258831692,3194.730133431177,-212.72364100716368
2025-06-21,6,F,0.18,True,13908.62790300881,13624.623788745015,20871.698782453757,284.0041142637947,0.01360713937202605,2905.494093320936,174.6397216924779,2545.1461640610487,-25.947650020103538
2025-06-22,6,F,0.17,True,41178.085849542294,38631.403067729756,47583.94588401007,2546.6827818125385,0.05351978980516444,10118.748190450393,2125.238041428769,8927.606357569577,-36.16065996166071
2025-06-23,6,F,0.18,True,37756.77098591509,37233.66379057834,44681.39627060358,523.10719533675,0.011707494371229138,10063.05865305724,527.372836316732,-85.31281959965236,0.0
2025-06-24,6,F,0.17,True,42127.2593805096,40824.438063984504,49193.40698108087,1302.8213165250927,0.026483656987330444,10078.370711786643,1237.6105609910228,1304.215110681309,0.0
2025-06-25,6,F,0.15,True,39020.303252918886,38318.142645673484,45826.82018614445,702.1606072454015,0.015322045134122069,10097.221786083448,651.6909203434843,1009.393738038274,0.0
2025-06-26,6,F,0.16,True,37592.59505967621,36510.0181956654,44533.43600383675,1082.5768640108145,0.024309304674302375,10062.438269099797,1000.8788478185816,1633.9603238446616,0.0
2025-06-27,6,F,0.14,True,11971.410064219608,11666.922024865342,19282.68930328182,304.4880393542662,0.015790745500548195,3268.170761358455,294.55143791512455,198.73202878278607,0.0
2025-06-28,6,F,0.16,True,14278.389467860294,13364.297754551859,21111.135271212715,914.0917133084349,0.04329903160418362,2850.0389009275405,828.4764868653365,3943.2136410223047,-161.7591287535015
2025-06-29,6,F,0.16,True,36602.013166843964,35202.42428709245,43294.96104456591,1399.5888797515145,0.03232683079009679,10077.150530707524,1293.9828567771037,2112.12045948828,0.0
2025-06-30,6,F,0.17,True,38062.96896903891,36974.08541765993,44799.04524820082,1088.8835513789818,0.024305954409211714,10045.275111046,965.7338350602222,2462.9943263753066,0.0
2025-07-01,6,F,0.18,True,32762.870919999652,32116.74757347221,39975.785402543275,646.1233465274418,0.0161628680968038,10075.836169577029,651.2860784028962,-103.25463750915424,0.0
2025-07-02,6,F,0.14,True,33654.14122718822,32346.403915149654,40509.965205183784,1307.7373120385673,0.03228186707677609,10101.008817796377,1169.2245121152955,3821.420833969026,-76.21803463016477
2025-07-03,6,F,0.13,True,39001.9946688256,37506.764297367874,45339.16930184976,1495.2303714577283,0.03297877739009933,10083.09741091263,1274.2836411749013,6073.298177314609,-119.95486886231083
2025-07-04,6,F,0.15,True,16099.413263284163,12519.727147786367,22683.013432738553,3579.686115497796,0.1578135165379398,2807.820029935641,3104.2516757937155,9508.68879408158,0.0
2025-07-05,6,F,0.16,True,13615.66838420326,12679.692707767203,20602.970323548343,935.9756764360573,0.045429161996427075,2932.9359659228435,751.6290339548686,3686.9328496237904,0.0
2025-07-06,6,F,0.17,True,44391.54800710296,39194.36318544061,50381.91867842543,5197.1848216623475,0.10315575424657039,10051.769491816016,4561.070870497359,12763.973542862022,-3.0231931554026232
2025-07-07,6,F,0.19,True,36258.622737690974,35408.181666616976,43390.22749847728,850.4410710739976,0.019599829733638587,10045.322916690064,876.3969398644185,-473.38568187407964,-3.3159212658738397
2025-07-08,6,F,0.19,True,39959.7095258415,38834.01928033429,46947.487628992,1125.6902455072122,0.02397764613951466,9988.140869991916,1035.5166097377441,1831.7287843892836,-2.0487957481145713
2025-07-09,6,F,0.19,True,42042.56418366194,41324.22047034962,49018.67627010113,718.3437133123225,0.01465449024682201,9995.068539036009,643.442763177758,1498.019002691315,0.0
2025-07-10,6,F,0.19,True,40773.902244056015,39355.24098585229,47749.48085497651,1418.661258203727,0.02971050643487514,9964.180287825298,1321.9824994215014,1933.575175644478,0.0
2025-07-11,6,F,0.2,True,17838.92199881145,17122.60382035831,24928.1629702554,716.3181784531407,0.02873529747490261,3635.1646973067063,638.1992005469692,1690.986627711568,-9.325062780339067
2025-07-12,6,F,0.2,True,20588.9053769722,18068.54746897287,27305.109070031336,2520.3579079993324,0.09230352830802444,3573.5850094790617,2092.8709687500013,9348.815492886763,-57.93958676872353
2025-07-13,6,F,0.2,True,41438.47708376225,39892.82161906325,48717.582916489715,1545.655464698997,0.03172685039297855,9992.135795373139,1626.695097526157,-1620.7926565431658,0.0
2025-07-14,6,F,0.19,True,38835.49372352206,38134.29663890513,45708.72840738057,701.1970846169279,0.015340551116790767,10019.10544077126,678.3342244630403,457.25720307769734,0.0
2025-07-15,6,F,0.19,True,39443.13123887725,38874.73406671428,46547.825977592045,568.3971721629714,0.012211035858830351,9976.607408369846,572.6849996630117,-85.7565500009232,0.0
2025-07-16,6,F,0.18,True,40608.49714204473,39768.56471234952,47725.332503881764,839.9324296952109,0.017599299693237223,9979.940973359124,813.6129174094458,526.3902457152808,0.0
2025-07-17,6,F,0.18,True,41427.979906799475,40430.942483860475,48107.45960643349,997.037422939,0.02072521457370126,9945.870756385537,913.7341462671975,1666.0655334361127,0.0
2025-07-18,6,F,0.17,True,18674.549014819364,17824.48448187983,25857.71562286896,850.0645329395338,0.032874695713171344,3424.5581127756514,802.5368243878984,950.5541710327343,0.0
2025-07-19,6,F,0.18,True,18345.254466756065,17918.777815464247,25450.785819684814,426.4766512918177,0.01675691486751505,3159.1012667201057,421.37515763272677,347.55174024882217,-17.80234035093963
2025-07-20,6,F,0.22,True,42651.71520203907,41893.72419131863,49616.7111666394,757.9910107204414,0.01527692974600237,9979.370389598436,760.647357325528,416.8670518256804,-34.07840191475407
2025-07-21,6,F,0.22,True,39189.31718711806,38593.317660737084,46072.10183671988,595.999526380976,0.012936234784625326,9978.562497357676,552.023150834415,879.527510931186,0.0
2025-07-22,6,F,0.22,True,60860.10851148176,49725.97368256758,66136.35438214098,11134.134828914182,0.1683512031004958,9979.162913013895,9928.932805555065,28020.76911691963,-283.994812021665
2025-07-23,6,F,0.26,True,41734.57802943608,40879.18456930646,48978.02518318499,855.3934601296205,0.017464841772005378,9936.96554298374,896.0048060509434,-812.2269184264201,0.0
2025-07-24,6,F,0.26,True,42362.65637543189,41856.52284037237,49155.06951039567,506.13353505952546,0.010296670111563665,9978.857619215887,469.5750287559931,1693.8571225487558,-69.80266877024042
2025-07-25,6,F,0.26,True,19929.18743316109,16660.57227302863,26641.235598826534,3268.61516013246,0.12269007373953904,3168.1062368977787,2985.122177806006,5669.859646529074,0.0
2025-07-26,6,F,0.26,True,16968.71143002311,16758.919488572756,24090.602589180085,209.7919414503558,0.008708455534631605,3329.323196169305,191.0247534921109,375.343759164999,0.0
2025-07-27,6,F,0.26,True,40910.114770196335,40137.52233878633,47794.09037305262,772.5924314100048,0.01616502009724637,9965.147997480735,696.3977816808474,1523.8929945830496,0.0
2025-07-28,6,F,0.26,True,45577.73354683004,44031.3138979438,51769.45928230152,1546.4196488862362,0.02987127295368357,9954.606220731705,1073.7235026468989,12433.692035395427,-216.05759400566603
2025-07-29,6,F,0.24,True,46982.42324875297,43660.185828033726,53424.902011160324,3322.237420719248,0.06218518510385365,9966.87058428605,3033.044780895194,5783.852796481035,0.0
2025-07-30,6,F,0.26,True,46393.05898271519,43616.19198440576,52493.90493291566,2776.8669983094296,0.05289884610143051,9963.21231062925,2165.9872721916545,12897.63012214847,-49.30813431361821
2025-07-31,6,F,0.29,True,39353.92465564492,38811.83034708406,46122.87792180677,542.0943085608596,0.011753262870540845,9921.774054711683,474.1533721185551,1358.8187288461122,0.0
2025-08-01,6,F,0.27,True,14990.50601062735,14762.763997689819,22225.924485287116,227.7420129375314,0.010246683465890909,3242.4232145779874,181.98523530729653,915.1355526046655,0.0
2025-08-02,6,F,0.31,True,16010.414130184889,15903.99182131958,23175.013073378963,106.42230886530888,0.00459211429690867,3059.717726729095,108.7287113578459,-46.12804985075854,0.0
2025-08-03,6,F,0.32,True,33890.62490384709,33188.84177364729,40789.02855018613,701.7831301998012,0.01720519353228379,9983.323922952783,690.6837018327496,221.98856734110632,0.0
2025-08-04,6,F,0.32,True,37276.9805720058,35889.685746487135,43719.37268474473,1387.2948255186639,0.031731809958077034,9939.975684372315,1093.37555722252,5878.38536592291,0.0
2025-08-05,6,F,0.35,True,35479.978172830706,34706.63790784781,41874.92029228061,773.3402649828931,0.018467862376455767,9995.638422778668,586.7869433035085,3861.078982106912,-9.42697148030129
2025-08-06,6,F,0.37,True,34037.15271786444,33691.86787660363,41054.571856083516,345.2848412608073,0.008410387093335199,10009.641746258803,357.88138048661494,194.2793494875841,-32.35387857085152
2025-08-07,6,F,0.34,True,35051.077738271386,34159.24886069291,41805.72960021988,891.8288775784749,0.02133269497044693,9964.804810471956,848.6882243383079,862.8130648032857,0.0
2025-08-08,6,F,0.33,True,13707.15936183038,13592.0211565687,20656.74307583284,115.1382052616791,0.005573879911222982,3183.8968766851385,107.64629692873496,149.83816665888298,0.0
2025-08-09,6,F,0.35,True,12827.74545479569,12686.862466533878,20129.14833304682,140.882988261812,0.006998954249371733,3034.012610598897,170.86574479401315,-599.6551306440579,0.0
2025-08-10,6,F,0.34,True,32472.914602198936,31976.68251495577,39323.17025026609,496.23208724316646,0.01261933064106927,9965.872763733505,415.78768342477997,1608.888076367708,0.0
2025-08-11,6,F,0.37,True,32443.178565555754,31873.264599982744,39268.56873179473,569.9139655730105,0.014513234986116673,9949.990123036145,493.3305173601475,1531.6689642572437,0.0
2025-08-12,6,F,0.37,True,33414.86884156177,32573.3417967555,40443.75885183816,841.5270448062729,0.020807340086492127,9996.012279144745,710.5688402076485,2619.1640919724814,0.0
2025-08-13,6,F,0.37,True,32488.84839211664,31440.237641617394,39274.20694224924,1048.610750499247,0.026699730742906574,10008.931701338233,948.0291242152962,2011.6325256790224,0.0
2025-08-14,6,F,0.36,True,33268.926682066456,32271.133229481085,40205.97117568584,997.7934525853707,0.024817046408986545,9919.854764059479,879.8617003720501,2358.635044266306,0.0
2025-08-15,6,F,0.37,True,13137.575147113572,12972.112492546066,20370.412591782602,165.46265456750552,0.00812269529750482,3104.177522883797,193.21428427710634,-555.0325941920191,0.0
2025-08-16,6,F,0.39,True,13202.422836297012,13050.264544395484,20403.55577883779,152.15829190152726,0.007457439945803133,3117.01734049566,154.36866154701784,-44.20739290982601,0.0
2025-08-17,6,F,0.34,True,30641.913160462333,29984.27808641173,37663.07043700396,657.6350740506023,0.01746100534077742,9959.236189154526,563.4013035410389,1884.6754101912338,0.0
2025-08-18,6,F,0.34,True,31370.807573446407,30814.034577551625,38418.14773168175,556.7729958947821,0.014492447678200685,9949.922626304677,498.18930796276254,1171.6737586402824,0.0
2025-08-19,6,F,0.34,True,31392.81353859797,30700.90776750433,38130.17449882324,691.9057710936395,0.0181458852519805,9964.980286221155,623.664795973491,1385.9630871549944,-1.5330825579439988
2025-08-20,6,F,0.3,True,36151.28568979321,32562.722493097957,42947.482662897404,3588.5631966952496,0.08355700903036703,9934.67716119929,3315.2649730917983,5465.964472069042,0.0
2025-08-21,6,F,0.28,True,33635.56073482326,32971.48545508083,40656.5946973022,664.0752797424284,0.016333765399847756,9899.048521879571,651.0787847281317,259.9299002860171,0.0
2025-08-22,6,F,0.3,True,13846.095272799905,13682.23521029477,20764.839209979233,163.86006250513492,0.007891227129097466,3142.6077371524843,127.87927647100878,1232.1239003894898,-37.161028289567184
2025-08-23,6,F,0.28,True,12545.61443229117,12394.72254182301,19854.150917159677,150.89189046815954,0.007600017301054446,3276.566505396613,137.1769231024482,274.29934731424464,0.0
2025-08-24,6,F,0.3,True,30992.400423071907,30392.84893521433,38146.65323764797,599.5514878575777,0.015717014127621137,9941.458717560005,594.8644707719141,93.7403417132673,0.0
2025-08-25,6,F,0.3,True,35373.2592393464,34537.03447661459,42301.230318089074,836.2247627318065,0.019768331947882276,9956.83159497276,764.8776292025068,1426.9426705860496,0.0
2025-08-26,6,F,0.31,True,32739.508087382972,31537.452002725462,39810.301364706145,1202.05608465751,0.030194598971893083,9939.627037822833,1051.6965475182442,3007.1907427852466,0.0
2025-08-27,6,F,0.3,True,43620.708143726006,36467.92550681459,49737.0509545195,7152.782636911419,0.14381195707505978,9941.115849843796,6355.068380143806,15981.84378971587,-1.998227491742
2025-08-28,6,F,0.32,True,37082.27465795828,35323.64439191459,43700.32683684258,1758.6302660436922,0.04024295453463378,9930.35578484211,1485.3477978733426,5465.649363407116,0.0
2025-08-29,6,F,0.32,True,13716.400430256972,13527.528605080712,20891.344052188397,188.87182517626024,0.009040673721348036,3615.9221239611743,222.49498010094976,-83.5107122765412,-42.7038575227034
2025-08-30,6,F,0.3,True,13473.234506577735,13304.034942445922,20653.159353981027,169.19956413181353,0.00819243008935576,3634.3201867047687,160.90940318430148,165.80321895026373,0.0
2025-08-31,6,F,0.29,True,34416.48049443923,33313.6137861151,41063.279513969464,1102.8667083241307,0.026857735703962528,9960.178445351425,939.8255625584497,4701.148526930245,-104.4353688756255
2025-09-01,6,F,0.31,True,32534.303502991468,31636.552292699555,39794.820631752125,897.7512102919136,0.02255949885035043,9903.07305055441,952.515750962375,-1095.2908134091326,0.0
2025-09-02,6,F,0.3,True,34921.07680165302,32200.438212989247,41666.66085027009,2720.6385886637727,0.06529533524273609,9935.709629506997,2464.157361318168,5129.624546912097,0.0
2025-09-03,6,F,0.31,True,32158.784229735742,31350.088336598285,39140.53804655391,808.6958931374575,0.020661338180267,9934.46016699738,741.5811455502553,1587.2825132745575,-17.763598836283563
2025-09-04,6,F,0.31,True,32136.34424960048,31234.131223962337,39057.87817791166,902.2130256381424,0.023099386544463377,9904.84810131794,759.9123327163907,2846.0138584348997,0.0
2025-09-05,6,F,0.31,True,11374.671030678883,11168.33831252081,18698.142243723112,206.33271815807348,0.011034931463704021,3559.511596716507,209.78127604628753,180.40013759791918,-18.08145533766401
2025-09-06,6,F,0.31,True,11205.076267280123,11017.09794904612,18523.846800993975,187.97831823400338,0.01014790935454706,3435.6727784346426,184.25314639250792,74.50343682988841,0.0
2025-09-07,6,F,0.3,True,33007.006350046075,30524.170501227287,39631.85973499256,2482.835848818788,0.06264747265005563,9918.940892506493,2148.6396924908477,6683.923126558864,0.0
2025-09-08,6,F,0.31,True,28541.867829329756,27574.569440661042,35433.46299205247,967.2983886687143,0.02729900797124103,9937.13030172872,827.3191831882068,3153.8728483938503,-25.68882676593421
2025-09-09,6,F,0.31,True,29200.981282800887,26811.92407313887,35758.23315013144,2389.0572096620162,0.06681138857257087,9950.447201277635,1983.6574103829262,8107.9959855818415,0.0
2025-09-10,6,F,0.3,True,25454.26075415557,24982.580194725335,32785.676897311765,471.680559430235,0.014386787282372995,9925.128843210923,495.3999455570811,-474.38772253690513,0.0
2025-09-11,6,F,0.29,True,27164.60725072182,25872.58898695759,34495.78995684523,1292.0182637642283,0.037454375313061776,9911.267492094197,1284.8654917133026,143.0554410184327,0.0
2025-09-12,6,F,0.27,True,7587.790819400841,7452.54938027794,14983.59726041391,135.24143912290128,0.009025965979491719,3817.836263133259,142.6255065141395,-147.68134782476523,0.0
2025-09-13,6,F,0.28,True,7483.125137307939,7258.553370875674,14785.648400746368,224.57176643226558,0.015188496327352771,3824.2273654374044,205.05752407172804,390.2848472107207,0.0
2025-09-14,6,F,0.28,True,26824.040887784293,26382.981005048554,34071.97233477582,441.05988273573894,0.012944947195955774,9915.461747392803,427.79818482259,265.23395826300793,0.0
2025-09-15,6,F,0.27,True,23658.292460868593,23193.59819952836,30825.53808627213,464.69426134023524,0.015074976470473442,9921.576535165534,400.85890358950564,1276.7071550145783,0.0
2025-09-16,6,F,0.26,True,26315.364975447672,25729.732722445755,33347.72693569978,585.632253001917,0.017561384442517414,9929.602239621125,482.5880017202653,2329.2459034491103,-19.45835513891143
2025-09-17,6,F,0.27,True,27301.396253242354,26528.94045414251,34426.964831746554,772.4557990998437,0.022437522531394628,9874.074074074075,702.9393479328937,1500.3970975459806,-7.9808342214601
2025-09-18,6,F,0.29,True,31594.632685817327,28487.69424944665,37971.83674691463,3106.9384363706777,0.08182217934514661,9890.175496006555,2452.5577310868102,13087.614105677316,0.0
2025-09-19,6,F,0.3,True,8411.53757113333,8161.662763081958,15590.53462803525,249.8748080513733,0.01602734056355212,4013.1713059053077,208.28587629461435,1339.8857601140776,-36.8419158817469
2025-09-20,6,F,0.3,True,7783.880058318964,7393.82043688998,15021.829169964536,390.0596214289844,0.025966186741684622,4211.456458094906,367.71490410832666,669.6630163668601,-16.152547752333703
2025-09-21,6,F,0.29,True,28512.916451529498,27317.022493833312,35560.27906090936,1195.8939576961857,0.033630049855564996,9907.039916596168,1069.5206674486617,2527.465804950494,0.0
2025-09-22,6,F,0.29,True,26917.320998877432,26480.73035220411,34249.59920437647,436.5906466733213,0.012747321335589031,9884.20238124767,481.7405177830369,-758.5390655411929,-10.474410537837684
2025-09-23,6,F,0.31,True,28107.191998114584,27755.17133616704,35330.918702371506,352.020661947543,0.00996352981684324,9918.733870516546,332.57327505357534,388.94773787934855,0.0
2025-09-24,6,F,0.31,True,27586.152944030182,26640.606712148692,34750.183860973906,945.5462318814898,0.027209819541225012,9874.074074074075,811.2100360542099,2686.723916545589,0.0
2025-09-25,6,F,0.31,True,29238.25871116144,28770.05835730026,36408.79225684788,468.2003538611825,0.012859540919628333,9902.837451016434,414.3516265092039,1076.9745470395983,0.0
2025-09-26,6,F,0.31,True,8193.430945409877,7905.801055802387,15517.927249335065,287.62988960748953,0.018535329170319078,4645.263344526268,289.12153830743955,-29.832973999035403,0.0
2025-09-27,6,F,0.31,True,12611.459651872048,8574.997991576114,19441.756789942225,4036.461660295934,0.20761815425981003,4622.773389064606,3618.011135094792,9092.396003045385,-52.45135601310358
2025-09-28,6,F,0.32,True,35249.030372413254,32761.488331303175,41810.386273048585,2487.5420411100786,0.059495791903591534,9915.060107593514,2029.1905422212221,9370.14702302034,-14.727644481097741
2025-09-29,6,F,0.34,True,28915.324115621617,28173.622534406793,36249.746462549614,741.7015812148238,0.020460876381055287,9903.518639988135,743.2022898117502,-30.014171938549225,0.0
2025-09-30,6,F,0.36,True,30668.785066302888,29999.7900373159,37838.37693937817,668.9950289869885,0.017680331005180336,9905.813847090758,610.2475581779872,1174.9494161800603,0.0
2025-10-01,6,F,0.35,True,29720.010243718214,28940.787747613613,37002.2260962166,779.2224961046013,0.021058800464555705,9875.196179520506,785.6382163452217,-128.31440481243862,0.0
2025-10-02,6,F,0.32,True,28579.989051022938,27716.365264763972,35873.75419437922,863.623786258966,0.024073972898946847,9902.03518189283,842.4805411041525,468.9221487524569,-3.3395264242299163
2025-10-03,6,F,0.32,True,7551.383822735728,7397.388228386386,14851.248385922394,153.99559434934235,0.010369201992158175,4538.767480275184,126.95002331428987,540.9114207010771,0.0
2025-10-04,6,F,0.34,True,8078.486707884067,7935.939559010469,15449.107010817093,142.54714887359842,0.00922688597948026,5067.993883056052,153.79902065643546,-225.03743565674404,0.0
2025-10-05,6,F,0.36,True,28921.842928105143,27913.143309959618,36161.380074845656,1008.6996181455252,0.027894389430319067,9874.074074074075,983.8416227516136,497.159907878136,0.0
2025-10-06,6,F,0.33,True,28119.543554958953,27140.869894904514,35238.805385553875,978.6736600544391,0.02777261173716308,9874.074074074075,853.2866784189391,2507.739632710026,0.0
2025-10-07,6,F,0.35,True,28167.84443131415,27769.78348848757,35421.25693395259,398.0609428265816,0.011237911279343265,9900.780702541908,373.66097434717085,697.1881562375934,-15.167895316288195
2025-10-08,6,F,0.36,True,26065.96905193346,25648.72508389352,33384.25439867994,417.2439680399402,0.012498226351175859,9874.074074074075,451.57112642199354,-686.543167641064,0.0
2025-10-09,6,F,0.37,True,27138.5073408248,26111.976876009874,34454.4985331395,1026.530464814925,0.029793800766758315,9874.074074074075,1034.932267233853,-168.03604837862713,0.0
2025-10-10,6,F,0.42,True,6672.192335458087,6513.875480043267,14044.332750122825,158.31685541481966,0.011272650558171594,5311.334738966194,146.46105865733807,237.1159351496192,0.0
2025-10-11,6,F,0.38,True,7248.984770716803,6960.498122881729,14530.53113914238,288.4866478350741,0.019853826750898876,5467.896499486248,248.3118764494593,803.4954277122984,0.0
2025-10-12,6,F,0.41,True,28951.495636178028,28289.509934433394,36081.178696531344,661.9857017446338,0.018347119624677718,9887.859011834733,538.5514319902941,2468.6853950867826,0.0
2025-10-13,6,F,0.42,True,27677.205571107377,27096.476352185666,35032.76012750652,580.7292189217114,0.016576747501711772,9884.518552021795,613.3164852690679,-651.7453269471364,0.0
2025-10-14,6,F,0.45,True,28384.299905534506,27390.42650983017,35697.008176224845,993.8733957043369,0.027841924197061503,9889.875217155293,994.406825413731,-10.66859418797867,0.0
2025-10-15,6,F,0.47,True,29087.87309782439,28618.87574037182,36438.0387235397,468.99735745257203,0.012871092239923176,9874.074074074075,488.0547141766947,-381.14713448248744,0.0
2025-10-16,6,F,0.48,True,30211.973421829418,29862.14428866246,37332.57526090569,349.82913316695704,0.009370613484928663,9892.336455814217,329.2117238132996,1377.8892847587313,-70.00961441502841
2025-10-17,6,F,0.46,True,6928.03882106586,6704.448395790823,14232.721059956051,223.59042527503698,0.01570960495418628,5622.642657880735,207.3250880106134,325.3067452884761,0.0
2025-10-18,6,F,0.47,True,8847.903387517365,7402.526423027051,15973.33242410563,1445.3769644903132,0.09048687688419167,5699.886049942795,1308.685630949325,2924.3201621021253,-13.812333732059415
2025-10-19,6,F,0.49,True,31171.972848099387,30805.839663352803,38331.09853142578,366.13318474658445,0.009551857337102142,9893.680529151445,319.9268391212463,924.1269125067856,0.0
2025-10-20,6,F,0.48,True,32667.943043906613,31676.963147249793,39745.35585508645,990.9798966568196,0.02493322490984813,9874.074074074075,875.4134959393268,2311.3280143497814,0.0
2025-10-21,6,F,0.45,True,33457.964186208206,32774.60212102382,40600.3598395076,683.3620651843885,0.0168314287825454,9896.567757199047,634.5423979055413,976.3933455769275,0.0
2025-10-22,6,F,0.45,True,32570.60286824614,31416.46623196955,39697.37216255055,1154.1366362765912,0.02907337623132075,9879.141718281033,1036.9331740231282,2344.069245069226,0.0
2025-10-23,6,F,0.46,True,32548.843205931655,31599.896305146536,39838.40422386061,948.9469007851185,0.02381990241006594,9882.035471743178,967.4914568633176,-163.69729911613786,-15.02324412033704
2025-10-24,6,F,0.46,True,8550.163885229933,7710.370348444396,15692.504521712477,839.7935367855371,0.05351558354650025,5898.78003120593,725.0671230359749,2294.528274991235,0.0
2025-10-25,6,F,0.46,True,7817.089532954005,7754.090645957948,15080.908071466407,62.99888699605708,0.004177393476408302,6212.567672687531,59.97258491007051,277.2598775186111,-15.714972994250274
2025-10-26,6,F,0.46,True,32174.76385214834,31465.40126035556,39371.53471783998,709.3625917927784,0.018017143524541167,9881.480933263108,717.9474934384634,16.37831069017193,-13.637070786373442
2025-10-27,6,F,0.45,True,35020.42201898218,34075.039994742474,41947.12141427256,945.3820242397051,0.02253747080528004,9888.671084423335,754.7230594251232,3896.254678351831,-6.023643612224987
2025-10-28,6,F,0.42,True,35339.37414273586,33882.598967151425,42325.18472881242,1456.7751755844365,0.03441863715228518,9874.074074074075,1281.5665271987018,3826.5076202010923,-23.37189456489432
2025-10-29,6,F,0.42,True,35700.93892132714,34795.586328788486,42692.617616908276,905.3525925386566,0.021206303175472067,9874.074074074075,781.0129547381075,3039.187918431182,-40.053160262632446
2025-10-30,6,F,0.44,True,33294.0233484544,32751.679488270907,40459.66398057194,542.3438601834932,0.013404556707241014,9880.816140414445,507.8317733915028,1065.648028102536,-27.22002184401208
2025-10-31,6,F,0.44,True,8074.02008538323,7741.208401419053,15358.823502314717,332.81168396417706,0.021669087083006015,6567.914532441508,296.75019477241585,721.2297838352229,0.0
2025-11-01,6,F,0.42,True,8910.293068515808,8610.685891447542,16124.119680227723,299.60717706826654,0.01858130446871225,6730.014412592109,274.26967461197455,947.1805525331038,-31.934808154792336
2025-11-02,6,F,0.42,True,38073.64147632425,36663.2522418442,44942.36207987006,1410.389234480048,0.031382178621887996,9874.074074074075,1200.221454611783,4203.35559736523,0.0
2025-11-03,6,F,0.46,True,35849.91484793628,35551.4828899587,42956.137688297444,298.43195797757653,0.006947364778069385,9885.105521079844,247.86506460541568,1011.3378674432624,0.0
2025-11-04,6,F,0.46,True,36150.39092469219,35727.40409020461,43098.32122382347,422.9868344875795,0.009814461966879696,9874.074074074075,335.25411417122086,1778.936253177233,-1.7606321878374729
2025-11-05,6,F,0.45,True,35809.037070771294,35445.84306494606,43055.582049480705,363.1940058252367,0.008435468492978302,9878.47651136872,390.2752237127206,-541.6243577496816,0.0
2025-11-06,6,F,0.46,True,37896.53196503819,37417.052337323934,44738.92477376182,479.47962771425955,0.01071728098381706,9878.352746113955,379.1455406680834,2006.6817409235064,0.0
2025-11-07,6,F,0.45,True,9424.902464253215,8751.697064784305,16585.27697796807,673.2053994689104,0.04059054306799931,6991.849139659607,607.277208556894,1318.5638182403018,0.0
2025-11-08,6,F,0.46,True,8803.470590311432,8741.568237995541,16082.720669470847,61.90235231589031,0.003848997541404605,7365.904760727162,50.80781784048668,221.8906895080704,0.0
2025-11-09,6,F,0.47,True,36878.94489249133,36566.957877941226,44065.67382180802,311.9870145501045,0.007080046382853737,9874.074074074075,289.0743744426218,458.25280214962186,0.0
2025-11-10,6,F,0.45,True,41034.678727880644,38862.39375955008,47921.662168915806,2172.2849683305612,0.04532991699398117,9882.071262823676,2013.731461509713,3171.0701364169736,0.0
2025-11-11,6,F,0.44,True,39289.727833402445,38894.08360458718,46314.06353250333,395.64422881526843,0.008542636914975173,9874.074074074075,358.39990995552216,744.8863771949291,0.0
2025-11-12,6,F,0.42,True,41432.28082725836,39926.76035361692,48248.105049077945,1505.520473641438,0.03120372234536514,9874.074074074075,1272.7629237940637,4655.150996947542,0.0
2025-11-13,6,F,0.42,True,38414.63430891711,37292.94946812957,45438.01216814004,1121.684840787544,0.024686045609496107,9879.203324711722,1017.2053565961978,2197.825391174476,-7.847972660612868
2025-11-14,6,F,0.43,True,9250.83565191451,9036.157150478588,16526.618154925818,214.67850143592295,0.012989862742846591,7479.2885951698,201.5121820634413,263.3263874496183,0.0
2025-11-15,6,F,0.42,True,10318.251900081077,9981.011663473826,17492.231930910715,337.24023660725106,0.019279428602322048,8693.757905498624,312.3039220682658,922.7609774805396,-30.745977551534452
2025-11-16,6,F,0.4,True,41245.8264206033,39998.503978415705,48088.86981479317,1247.322442187593,0.02593786144260537,9876.291392363506,1057.8924930157518,3788.598983436823,0.0
2025-11-17,6,F,0.41,True,42945.479575475816,40375.63153244047,49816.95343948202,2569.8480430353447,0.05158581297343311,9874.074074074075,2330.754047434595,4781.879912015118,0.0
2025-11-18,6,F,0.42,True,37974.98003712748,37599.624838091055,45178.41046751305,375.35519903642853,0.008308286970528532,9874.074074074075,347.4889871426785,557.324237874991,0.0
2025-11-19,6,F,0.44,True,42866.89544220712,41116.72538403533,49704.085226025185,1750.1700581717887,0.035211794970434245,9905.640478280759,1493.68765224066,5157.067585240095,-1.9881352434949804
2025-11-20,6,F,0.44,True,40365.22105786461,39889.20783458534,47324.495253983216,476.0132232792748,0.010058495515368644,9896.899338461006,365.8240053406116,2203.7843587731804,0.0
2025-11-21,6,F,0.42,True,11815.958527758283,10422.688402599464,18967.703639229716,1393.2701251588187,0.07345486578972085,7737.255429450519,1310.6982361823138,1651.437779530067,0.0
2025-11-22,6,F,0.45,True,9736.059388558138,9517.328665179926,17024.21546590801,218.73072337821213,0.012848211643951125,9737.950269488436,212.81890335898788,118.23640038450685,0.0
2025-11-23,6,F,0.45,True,42034.00471455685,41171.42577445515,48940.50315047313,862.5789401017028,0.017625052555132217,9881.720553688849,710.0281689050025,3051.015423933957,0.0
2025-11-24,6,F,0.41,True,39240.39744514047,38928.57891671049,46455.96712438948,311.8185284299834,0.006712130814004258,9900.996654708006,301.32940128460905,209.7825429074237,0.0
2025-11-25,6,F,0.41,True,40421.00424894709,40073.732272310845,47671.07238664703,347.27197663624247,0.007284752770393216,10138.346874179308,323.40566544745525,839.9097375145566,-26.290265687241117
2025-11-26,6,F,0.41,True,41508.98462453492,41093.85229540574,48607.643829197215,415.1323291291774,0.008540474222283108,9876.437342117459,411.85886452872364,1210.4838840213743,-83.02290837594592
2025-11-27,6,F,0.44,True,41516.98062733444,41164.58974584144,48565.788311316624,352.3908814929964,0.0072559489662578705,9889.54172605488,292.4587499364061,1198.6426311317036,0.0
2025-11-28,6,F,0.46,True,9812.528456972415,9447.921362130382,16965.120147782578,364.6070948420329,0.02149157162849146,9360.311736317304,364.87766241825375,838.9583798433832,-61.223700843471306
2025-11-29,6,F,0.5,True,10318.330513393566,10067.341294720874,17606.507759479467,250.989218672692,0.014255479968056563,9723.882158060112,217.8517743379707,695.1428463731618,-2.3488266133081197
2025-11-30,6,F,0.43,True,43904.096085404504,43159.789374036394,50893.302459518076,744.30671136811,0.014624846009161066,10332.279655614491,568.381946635338,3518.4952946554504,0.0
2025-12-01,6,F,0.42,True,43839.966685189196,42328.25698442107,50868.10354206325,1511.7097007681296,0.02971822410320614,10800.0,1365.4540427307365,3432.1347939472525,-36.76320886335634
2025-12-02,6,F,0.42,True,44436.14009469683,43877.32745483609,51391.09407623498,558.8126398607346,0.010873725300180931,10800.0,533.3663053439159,1570.1549875880592,-76.94771778746872
2025-12-03,6,F,0.43,True,45809.40589224526,43934.596065438374,52669.805058854516,1874.8098268068861,0.03559553381129716,10800.0,1697.37480757304,3833.0136161456403,-20.615031049350364
2025-12-04,6,F,0.42,True,43775.4833584121,43462.34674207061,50822.094891911634,313.1366163414932,0.006161426777221045,10800.0,319.0316185633128,-63.75881665549787,-3.925681143960901
2025-12-05,6,F,0.43,True,13610.114659288729,13131.02709487957,20667.462332378276,479.0875644091593,0.02318076388404038,10212.886343129696,387.5154932026344,1867.2075481588845,-2.593336066534903
2025-12-06,6,F,0.43,True,12708.343117426843,12125.509162784427,19880.32180406394,582.8339546424158,0.029317128786279144,10228.759038592398,545.2816364795799,1215.2573873029196,-33.65909009837196
2025-12-07,6,F,0.42,True,45646.53191628541,45199.99789887029,52866.377105327534,446.53401741511334,0.008446465255704357,10800.0,422.723296182201,516.5232449761779,-2.9227186442512902
2025-12-08,6,F,0.43,True,48941.87033452578,47462.49895031742,55943.29646970312,1479.3713842083598,0.02644412248766095,10800.0,1337.1769031288786,2843.8896215896393,0.0
2025-12-09,6,F,0.48,True,47187.95237442239,46846.75658042734,54292.354705732585,341.19579399505164,0.006284416946812323,10800.0,304.4471129979938,734.973619941251,0.0
2025-12-10,6,F,0.46,True,47855.42163458096,47381.21383885615,54926.28894588463,474.20779572481115,0.008633530588458612,10800.0,461.40625583796646,588.9154072122356,-24.13685259999329
2025-12-11,6,F,0.44,True,47165.198799706006,46821.67765443683,54349.24854226196,343.52114526917285,0.006320623642147525,10800.0,354.6023200184136,-221.62349498487038,0.0
2025-12-12,6,F,0.44,True,16010.016894253886,14731.49631621183,22902.678604756326,1278.5205780420565,0.05582406320702327,10161.653307179615,1098.6808571865004,3927.3405832539747,-23.967296362106936
2025-12-13,6,F,0.43,True,16333.082978565411,14990.111991288313,23499.56189407368,1342.9709872770982,0.057148766999600115,10163.78680128534,1262.5079263817825,1609.2612179063353,0.0
2025-12-14,6,F,0.45,True,48535.934004987634,47926.44228972353,55525.24821029637,609.4917152641065,0.010976839094094942,10800.0,566.1231778285,1106.7831892095846,-17.359357033652486
2025-12-15,6,F,0.46,True,49509.65400058297,48979.89972317907,56331.051200964954,529.7542774038957,0.009404303063934673,10800.0,454.6033389624281,1755.506322619416,-18.307409521785303
2025-12-16,6,F,0.44,True,48605.925658448614,48399.50164683354,55835.07186405085,206.42401161507587,0.0036970313590297538,10800.0,194.0709898057612,247.0604361862297,0.0
2025-12-17,6,F,0.44,True,48122.43806123559,47789.790301958674,55378.51604226685,332.64775927691517,0.006006801609184085,10800.0,323.52089605073706,182.53726452351748,0.0
2025-12-18,6,F,0.42,True,48330.18574809534,47761.277182602535,55377.30569025658,568.9085654928058,0.010273316088632009,10800.0,512.0186872310296,1137.7975652354235,0.0
2025-12-19,6,F,0.43,True,15768.812556479423,15141.044863808727,22914.008345914557,627.7676926706954,0.027396677316067354,10103.709715211617,584.7412554298899,860.5287448161043,0.0
2025-12-20,6,F,0.4,True,14689.3175893635,14456.006930583471,22017.38722976415,233.31065878002846,0.010596655104681451,10097.721123466928,231.21820285428112,41.849118514964175,0.0
2025-12-21,6,F,0.39,True,48024.176964298495,47419.45586074861,55175.2373415051,604.721103549884,0.010960009103485772,10800.0,623.7550232770736,-324.1935217442069,-4.09561454656432
2025-12-22,6,F,0.41,True,47193.85792692374,46956.62692953607,54397.49590573558,237.23099738766905,0.004361064667365613,10800.0,213.29380182280875,481.9129809730093,-0.22978343085014785
2025-12-23,6,F,0.42,True,48384.828286841876,48009.65576610746,55603.14683975405,375.1725207344134,0.006747325323432592,10800.0,356.5205691949377,373.0390307894668,0.0
2025-12-24,6,F,0.44,True,47339.807603073736,47086.57246070974,54510.19065741692,253.23514236399205,0.00464564770935241,10800.0,231.3540015163162,437.6228169534952,0.0
2025-12-25,6,F,0.43,True,46917.11096442583,46621.944098059175,54193.511865985536,295.1668663666569,0.005446535133146037,10800.0,287.3885925986324,296.91659075159396,-10.249110171895154
2025-12-26,6,F,0.45,True,14896.080543345395,14537.120926008898,22143.016866165453,358.9596173364971,0.016210962557906355,10092.035610994259,373.29938176130963,-188.4263174202888,-7.132553706873296
2025-12-27,6,F,0.44,True,14727.621969603379,14441.206189710678,22026.679596848244,286.4157798927008,0.01300313007384388,10145.914485898036,244.61812172561986,835.9531633416436,0.0
2025-12-28,6,F,0.48,True,47501.570839546206,47200.68418954682,54703.8625766541,300.8866499993892,0.005500281622303545,10800.0,309.4419262048905,-171.105524110013,0.0
2025-12-29,6,F,0.47,True,47209.19075861433,46700.337869401345,54315.56280731608,508.8528892129834,0.009368454691671593,10800.0,466.1904060028901,853.2496642018223,0.0
2025-12-30,6,F,0.47,True,48164.38899835077,47829.5296250522,55399.30251160301,334.85937329856824,0.006044469119957497,10800.0,351.72997938559274,-337.4121217404936,0.0
2025-12-31,6,F,0.49,True,46829.46318095268,46421.380276420845,54144.74908278267,408.0829045318387,0.007536887905933686,10800.0,385.0863199310843,459.93169201510455,0.0
